time,value
0.249643538073278,1
0.749745273121899,1
1.24996650041097,1
1.74994930500005,1
2.24929296058669,1
2.74897032286261,1
3.2450854463158,1
3.74895180152194,1
