time,value
6.24986537011685,1
6.74999143117625,1
7.24132641725012,1
7.74695173864671,1
8.24956145283598,1
8.74998201200567,1
9.2498600422545,1
9.74983338880253,1
