time,value
0,0
0.249999999999986,0
0.25,0.2
0.749999999999972,0.2
0.75,0
1.15,0
1.15000000000003,-0.3
1.24999999999997,-0.3
1.25,0
1.5,0
