time,value
0,0
0.0999999999999428,0
0.0999999999999996,0.02
0.449999999999999,0.02
