time,value
0.163530864271329,1
0.183819620694146,1
0.202447540317153,1
0.221466820137695,1
0.240978407735629,1
0.261131327240218,1
0.282168407964916,1
0.304559547271007,1
0.329661318264515,1
