prob,mean,std,median,perc05,perc25,perc75,perc95
0.248971217796991,-2.37764953651673,0.00639805551034253,-2.37667331899919,-2.38678613747399,-2.3798938031906,-2.37372274006745,-2.36909579788703
0.274886510776257,-2.40018002317262,0.00559153300776384,-2.39929303675585,-2.41032954997083,-2.40302301096975,-2.39601670479322,-2.39322167311107
0.303499313998448,-2.41732875242357,0.00531713719352067,-2.41652411436738,-2.42664051925274,-2.41934950911064,-2.41400573561757,-2.41042302755138
0.335090409992883,-2.43334700972146,0.00591142301768989,-2.43207964404716,-2.44354042502703,-2.43699881607145,-2.42972267841055,-2.42574026436751
0.3699698078058,-2.44990400590483,0.00609527829419565,-2.44894901366872,-2.45899463957045,-2.45362917717076,-2.44548472003704,-2.44189596597953
0.4084797851743,-2.46854141275693,0.00489786561537275,-2.46779603742956,-2.4769621245925,-2.47065598552733,-2.46578496643384,-2.46208244305653
0.450998247358676,-2.48135979523922,0.00455317085395833,-2.4814691263872,-2.48933794080922,-2.48398588147672,-2.47884155755231,-2.47449349373294
0.497942435593982,-2.49329009854473,0.00579215831940629,-2.49332196928172,-2.50505385946433,-2.49538330190121,-2.48880503657682,-2.48602812538952
0.549773021552514,-2.50532292671279,0.00582387074329871,-2.50462151066575,-2.51520721829395,-2.5092880877171,-2.50044059130312,-2.49709558841859
0.606998627996897,-2.51724952947686,0.00638678530772109,-2.5167604430604,-2.53036680800473,-2.52058393484449,-2.5146937613436,-2.50581526303207
0.670180819985765,-2.52722294853324,0.00529385827804282,-2.52610402108984,-2.53729570431791,-2.53134394207137,-2.52393812509046,-2.5197967389048
0.739939615611601,-2.5373484229846,0.00417885079842615,-2.53767919175872,-2.54341844629042,-2.54038961408522,-2.53400228065396,-2.53006075092524
0.8169595703486,-2.54489777081184,0.00392221576747304,-2.54479442185356,-2.55061504925632,-2.54766106383763,-2.54200229302307,-2.53939395870085
0.901996494717352,-2.55210080334956,0.00408113143688823,-2.55225036673838,-2.55797987123256,-2.55535376752825,-2.54927458336448,-2.54334851242189
0.995884871187965,-2.55114467652582,0.0377264981357404,-2.55884183169685,-2.5658674588559,-2.56088549283941,-2.55669775598841,-2.51487916748716
